"","Country","Year","gini","Eu_2004","Eu_2014","Educbasic","workagepop","R&D","FDIinflows"
"1","AUT","2014",0.988975717070037,"0","1",36.863,5753902,"3.08429002761841",0.386858115054066
"2","AUT","2013",0.988948040826786,"0","1",36.335,5719020,"2.95492005348206",0.104862185985247
"3","AUT","2012",0.989213487875191,"0","1",36.817,5696737,"2.91472005844116",1.27469393348716
"4","AUT","2011",0.988833340636622,"0","1",37.433,5675763,"2.66867995262146",5.32423673714992
"5","AUT","2010",0.988827361698977,"0","1",36.928,5648587,"2.72609996795654",-5.61017631479876
"6","AUT","2009",0.98836158378197,"0","1",37.654,5629260,"2.59674000740051",3.55936613543504
"7","AUT","2008",0.988594859514677,"0","1",37.771,5616074,"2.56944990158081",1.45842274091571
"8","AUT","2007",0.988666661731426,"0","1",38.557,5598503,"2.41843008995056",17.6948460131618
"9","AUT","2006",0.988777499774271,"0","1",36.822,5587256,"2.35923004150391",3.1225333500469
"10","AUT","2005",0.988845791851425,"0","1",36.226,5577847,"2.37323999404907",25.6558278307872
"11","AUT","2004",0.988878428976658,"0","1",35.216,5561678,"2.16612005233765",1.05608551598748
"12","AUT","2003",0.988850660382748,"0","1",43.188,5532119,"2.17456007003784",2.3620452554039
"13","AUT","2002",0.989154696161542,"0","1",43.666,5491630,"2.06597995758057",0.0645287981477486
"14","AUT","2001",0.989258662174178,"0","1",42.266,5448046,"1.99210000038147",2.88059839258097
"15","AUT","2000",0.989422798487863,"0","1",43.328,5411062,"1.88601994514465",4.30890039482984
"16","BEL","2014",0.989789786346852,"0","1",30.815,7285273,"2.37001991271973",-2.84014749508768
"17","BEL","2013",0.989828001189735,"0","1",31.291,7277628,"2.33072996139526",-5.68061237430678
"18","BEL","2012",0.989955920460013,"0","1",31.297,7267828,"2.28114008903503",2.38036960149692
"19","BEL","2011",0.989844672912773,"0","1",31.567,7249661,"2.17332005500793",31.265983348903
"20","BEL","2010",0.989840122205586,"0","1",32.989,7176760,"2.06188011169434",26.0669819962462
"21","BEL","2009",0.990363129063424,"0","1",31.272,7123379,"1.99860000610352",16.0070029161629
"22","BEL","2008",0.990191606379516,"0","1",32.079,7073628,"1.93684005737305",36.8029204549977
"23","BEL","2007",0.990454065577762,"0","1",32.893,7013018,"1.84999001026154",20.5026740062328
"24","BEL","2006",0.99062842512989,"0","1",33.077,6944194,"1.8226900100708",14.4078713936676
"25","BEL","2005",0.99043758819584,"0","1",37.572,6881331,"1.79060995578766",8.72717720186463
"26","BEL","2004",0.990135596136404,"0","1",37.444,6836408,"1.82050001621246",12.0521106747569
"27","BEL","2003",0.990086364814961,"0","1",36.871,6805014,"1.8411899805069",10.8648744877518
"28","BEL","2002",0.990197022994225,"0","1",37.066,6774608,"1.90324997901917",7.01242443993657
"29","BEL","2001",0.990402516372588,"0","1",36.876,6743920,"2.03278994560242",37.2564694834172
"30","BEL","2000",0.990462896571823,"0","1",39.049,6723820,"1.93619000911713",37.4753122979087
"31","BGR","2014",0.988171909197229,"0","1",26.886,4751668,"0.790050029754639",1.91330024420873
"32","BGR","2013",0.988634367711569,"0","1",25.178,4814205,"0.634329974651337",3.56126116234701
"33","BGR","2012",0.988700387685141,"0","1",24.162,4881414,"0.600359976291656",3.2937399637389
"34","BGR","2011",0.988556368032841,"0","1",24.005,4948648,"0.529510021209717",3.64377871047417
"35","BGR","2010",0.988612888486438,"0","1",24.875,5015444,"0.563069999217987",3.63054818996133
"36","BGR","2009",0.988622218727862,"0","1",24.805,5076737,"0.493380010128021",7.4901573261348
"37","BGR","2008",0.988484961608138,"0","1",25.354,5129121,"0.447310000658035",18.8997638100667
"38","BGR","2007",0.988196365512563,"0","1",24.28,5176982,"0.430029988288879",31.2275318810773
"39","BGR","2006",0.989074276529074,"0","1",24.521,5220366,"0.44216001033783",22.9038783511231
"40","BGR","2005",0.989023020392197,"0","1",29.017,5256073,"0.442690014839172",13.7204790059912
"41","BGR","2004",0.988434671917441,"0","1",30.616,5283071,"0.470860004425049",11.7462386509689
"42","BGR","2003",0.988288135730763,"0","1",29.543,5305099,"0.472220003604889",9.91625852839807
"43","BGR","2002",0.988723516563577,"0","1",31.584,5327942,"0.464729994535446",5.51519461491359
"44","BGR","2001",0.989578790153989,"0","1",31.949,5427238,"0.447089999914169",5.73162685921139
"45","BGR","2000",0.990525916347161,"0","1",32.274,5521592,"0.495169997215271",7.56080761987916
"46","CYP","2014",0.992668653427422,"0","1",41.659,840546,"0.512049973011017",223.436708076654
"47","CYP","2013",0.992905902332557,"0","1",40.892,835587,"0.484849989414215",108.648200653739
"48","CYP","2012",0.993420904731449,"0","1",42.182,829867,"0.437649995088577",280.145510398677
"49","CYP","2011",0.993271265280782,"0","1",45.341,822641,"0.452630013227463",146.729404967253
"50","CYP","2010",0.99302590246308,"0","1",47.364,810597,"0.442919999361038",120.595961081602
"51","CYP","2009",0.99331985600697,"0","1",46.526,794326,"0.444370001554489",249.108048567269
"52","CYP","2008",0.992757325328881,"0","1",46.405,777291,"0.385939985513687",44.1638687211392
"53","CYP","2007",0.992466754636864,"0","1",47.268,759663,"0.400070011615753",9.57344136774277
"54","CYP","2006",0.992932808329239,"0","1",47.964,741705,"0.383459985256195",9.32555099496552
"55","CYP","2005",0.992699428732716,"0","1",49.035,723788,"0.367269992828369",6.30362711595489
"56","CYP","2004",0.992218314699444,"0","1",51.114,706301,"0.335640013217926",6.45961962556633
"57","CYP","2003",0.993221580111817,"0","1",50.789,689585,"0.318340003490448",6.24271140036787
"58","CYP","2002",0.992683633069294,"0","1",49.797,673874,"0.279670000076294",9.66223911887501
"59","CYP","2001",0.992335401900886,"0","1",50.076,658570,"0.236939996480942",9.08590329543211
"60","CYP","2000",0.992412142938759,"0","1",42.714,642939,"0.226899996399879",8.56086119538577
"61","CZE","2014",0.989699510101373,"1","1",20.771,7082902,"1.95833003520966",3.86353982265705
"62","CZE","2013",0.989540168431723,"1","1",21.057,7148825,"1.87924003601074",3.47571024002001
"63","CZE","2012",0.989406791842544,"1","1",20.954,7225496,"1.76967000961304",4.51656746777655
"64","CZE","2011",0.989484772668783,"1","1",20.268,7295370,"1.54477000236511",1.82465874546556
"65","CZE","2010",0.98932478056955,"1","1",21.364,7346295,"1.32669997215271",4.86336501936901
"66","CZE","2009",0.989395716154123,"1","1",21.932,7375592,"1.28656005859375",2.54134141893611
"67","CZE","2008",0.989696094129692,"1","1",21.508,7374057,"1.23357999324799",3.72245749433628
"68","CZE","2007",0.989630768742835,"1","1",21.918,7336996,"1.29571998119354",7.26437054022737
"69","CZE","2006",0.989564372038404,"1","1",22.262,7300514,"1.22541999816895",4.56406980590854
"70","CZE","2005",0.989498624453899,"1","1",21.37,7273975,"1.16100001335144",10.0115335790166
"71","CZE","2004",0.988957125133992,"1","1",22.291,7247811,"1.13935005664825",5.36117804621235
"72","CZE","2003",0.988597538786237,"1","1",22.566,7218701,"1.14209997653961",2.01944879947117
"73","CZE","2002",0.989104453101273,"1","1",23.15,7187565,"1.09818994998932",10.3370102281862
"74","CZE","2001",0.988952606342743,"1","1",24.138,7166721,"1.09870994091034",8.31864159453878
"75","CZE","2000",0.988843273516006,"1","1",25.508,7157379,"1.10996997356415",8.06603108565235
"76","DEU","2014",0.990100713823579,"0","1",37.739,53484793,"2.87784004211426",0.502227192634127
"77","DEU","2013",0.990198818586106,"0","1",41.416,53359211,"2.8359899520874",1.79976460383521
"78","DEU","2012",0.990141274572514,"0","1",40.911,53223281,"2.88165998458862",1.85541340766522
"79","DEU","2011",0.990041140051577,"0","1",40.899,53064867,"2.80555009841919",2.60141930420253
"80","DEU","2010",0.99006521202146,"0","1",37.459,53930401,"2.73024010658264",2.53076202316038
"81","DEU","2009",0.989757427634371,"0","1",38.105,53968471,"2.74266004562378",1.66219803352095
"82","DEU","2008",0.990095006944955,"0","1",38.096,54181517,"2.61512994766235",0.826503411355668
"83","DEU","2007",0.990094895061166,"0","1",38.363,54364149,"2.4604799747467",1.48433864746801
"84","DEU","2006",0.989952267470328,"0","1",38.775,54601018,"2.47232007980347",2.91996035974954
"85","DEU","2005",0.989774544792571,"0","1",43.459,54928804,"2.44193005561829",2.10179308132486
"86","DEU","2004",0.989770168736783,"0","1",40.687,55245312,"2.43518996238709",-0.725154707065695
"87","DEU","2003",0.989968970056157,"0","1",41.859,55504907,"2.47461009025574",2.61434522365247
"88","DEU","2002",0.989956210668092,"0","1",41.958,55661657,"2.4362199306488",2.46661519292525
"89","DEU","2001",0.990000045352666,"0","1",42.373,55754780,"2.40437006950378",2.9267553994045
"90","DEU","2000",0.990012479438163,"0","1",50.538,55870870,"2.40982007980347",12.731503590187
"91","DNK","2014",0.989492638335845,"0","1",43.245,3637286,"2.9140899181366",1.86330528301876
"92","DNK","2013",0.98954337421444,"0","1",43.195,3627270,"2.97047996520996",0.198012180552081
"93","DNK","2012",0.989785003542061,"0","1",44.769,3624206,"2.98125004768372",-4.99767032555428
"94","DNK","2011",0.989621984646001,"0","1",46.333,3627006,"2.94464993476868",3.94150318758658
"95","DNK","2010",0.989595185588763,"0","1",47.72,3629335,"2.91706991195679",-3.65466908301772
"96","DNK","2009",0.989338196496841,"0","1",50.188,3627842,"3.05514001846313",1.17390242059711
"97","DNK","2008",0.989530275027602,"0","1",51.47,3620404,"2.77345991134644",0.620106753447922
"98","DNK","2007",0.989414887617903,"0","1",52.941,3608446,"2.51540994644165",3.69711411627472
"99","DNK","2006",0.989213928442164,"0","1",48.54,3598201,"2.40300011634827",0.84318706518409
"100","DNK","2005",0.989165215360405,"0","1",55.581,3590112,"2.3933699131012",4.857700582033
"101","DNK","2004",0.989342041794888,"0","1",55.778,3583778,"2.41915988922119",-3.50243080506856
"102","DNK","2003",0.989477082836897,"0","1",55.307,3578487,"2.51084995269775",0.543258463167203
"103","DNK","2002",0.9894000855055,"0","1",53.075,3573414,"2.44145011901855",2.48030851638993
"104","DNK","2001",0.989339114244532,"0","1",51.24,3567227,"2.32466006278992",5.63524699016127
"105","DNK","2000",0.989011425870738,"0","1",53.76,3560844,"2.18619990348816",21.9380936434814
"106","ESP","2014",0.98972353419994,"0","1",51.568,30917313,"1.24159002304077",2.40142613065937
"107","ESP","2013",0.989600343151518,"0","1",47.584,31201239,"1.27481997013092",3.49468567383381
"108","ESP","2012",0.989009272567054,"0","1",48.014,31505596,"1.29876005649567",1.57376618001706
"109","ESP","2011",0.988758294444155,"0","1",48.361,31650627,"1.33341002464294",1.81210524220555
"110","ESP","2010",0.988861807017827,"0","1",48.626,31708922,"1.35995995998383",2.57430062720058
"111","ESP","2009",0.988954129993967,"0","1",48.668,31740573,"1.36363995075226",0.640294112308163
"112","ESP","2008",0.990010491081965,"0","1",48.722,31604262,"1.32500004768372",4.54012423037454
"113","ESP","2007",0.989840674953941,"0","1",47.781,31152612,"1.24053001403809",4.62887025092435
"114","ESP","2006",0.989712395543212,"0","1",47.347,30560758,"1.17701995372772",2.61249350717978
"115","ESP","2005",0.989689418096838,"0","1",51.955,30062646,"1.09956002235413",2.34093823726441
"116","ESP","2004",0.989514327716463,"0","1",51.5,29524610,"1.04088997840881",2.3635993180717
"117","ESP","2003",0.989529368847559,"0","1",51.34,28929865,"1.02373003959656",3.38790004154804
"118","ESP","2002",0.989552954785622,"0","1",50.113,28359843,"0.959710001945496",5.5533457146155
"119","ESP","2001",0.989618506045277,"0","1",48.87,27974777,"0.888329982757568",4.60465661678133
"120","ESP","2000",0.989633525544283,"0","1",50.123,27827997,"0.882759988307953",6.77009273042178
"121","EST","2014",0.989977006132928,"1","1",40.419,861707,"1.43023002147675",6.689355477049
"122","EST","2013",0.989776179055286,"1","1",36.661,870697,"1.72412002086639",4.37152766625212
"123","EST","2012",0.989865574981963,"1","1",35.976,880189,"2.12480998039246",7.76458523010248
"124","EST","2011",0.990121637637585,"1","1",36.867,889309,"2.30521988868713",4.82100708113248
"125","EST","2010",0.989916134585114,"1","1",33.342,896373,"1.57898998260498",13.2776301644786
"126","EST","2009",0.990133316737524,"1","1",33.694,901239,"1.39679002761841",9.50590313222057
"127","EST","2008",0.989954761108982,"1","1",34.309,904893,"1.25188004970551",8.12295909046486
"128","EST","2007",0.989651604256184,"1","1",32.588,908765,"1.05874001979828",13.5111961567385
"129","EST","2006",0.989835339640036,"1","1",32.557,915462,"1.11276996135712",10.3282677580747
"130","EST","2005",0.990071168719952,"1","1",29.602,922372,"0.917050004005432",21.6743735548716
"131","EST","2004",0.990200262582498,"1","1",32.479,926719,"0.845839977264404",8.94863599334533
"132","EST","2003",0.989795185921233,"1","1",30.477,930328,"0.764649987220764",10.5149208720017
"133","EST","2002",0.990334233075632,"1","1",28.134,934061,"0.712029993534088",4.59059944726891
"134","EST","2001",0.99043867743691,"1","1",30.145,937945,"0.698390007019043",9.47918147111243
"135","EST","2000",0.990713954977643,"1","1",29.814,941321,"0.600000023841858",7.31923766598522
"136","FIN","2014",0.992346171885974,"0","1",29.03,3491693,"3.14751005172729",6.37721739347512
"137","FIN","2013",0.992375190019129,"0","1",29.547,3508386,"3.27136993408203",-1.81391357891476
"138","FIN","2012",0.992311582956417,"0","1",30.426,3524876,"3.3983199596405",1.90912917463228
"139","FIN","2011",0.992209494041076,"0","1",31.267,3539610,"3.61806011199951",-2.179936953365
"140","FIN","2010",0.992229551549517,"0","1",31.406,3549606,"3.70531988143921",4.89968635862389
"141","FIN","2009",0.991717518720037,"0","1",32.195,3547864,"3.73401999473572",-3.48162112393045
"142","FIN","2008",0.991815700422795,"0","1",33.935,3536864,"3.53696990013123",6.79228430535503
"143","FIN","2007",0.992060058039409,"0","1",34.198,3518847,"3.33703994750977",8.57302514110282
"144","FIN","2006",0.992278501626593,"0","1",34.506,3507266,"3.33214998245239",2.13678262162868
"145","FIN","2005",0.992262193018552,"0","1",42.351,3499298,"3.32369995117188",5.30433190858078
"146","FIN","2004",0.992673452840982,"0","1",45.324,3488772,"3.30907011032104",3.43179887742407
"147","FIN","2003",0.992592699298281,"0","1",46.797,3483581,"3.29821991920471",3.47526038641381
"148","FIN","2002",0.992660252788057,"0","1",48.057,3478324,"3.25307989120483",5.76518399300031
"149","FIN","2001",0.993056311923198,"0","1",47.694,3471758,"3.19372010231018",2.48948733398858
"150","FIN","2000",0.993470813479442,"0","1",53.446,3464352,"3.24137997627258",10.714265643958
"151","FRA","2014",0.990176763554141,"0","1",31.764,41834284,"2.27591991424561",0.203254562718035
"152","FRA","2013",0.990084334825813,"0","1",33.309,41924226,"2.23703002929688",1.12342342416042
"153","FRA","2012",0.990052347530142,"0","1",34.435,42005760,"2.22707009315491",1.22759662106149
"154","FRA","2011",0.990122944404866,"0","1",34.687,42095743,"2.19161009788513",1.54287540837324
"155","FRA","2010",0.990300390897252,"0","1",34.942,42084351,"2.17857003211975",1.47019572697397
"156","FRA","2009",0.989836307141259,"0","1",34.919,41982175,"2.21206998825073",0.682106491646852
"157","FRA","2008",0.989748593160902,"0","1",34.817,41868249,"2.06117010116577",2.32049138897663
"158","FRA","2007",0.98974086254301,"0","1",35.638,41694810,"2.0245099067688",3.14883387347586
"159","FRA","2006",0.989701035798015,"0","1",36.084,41435583,"2.05094003677368",3.40253485643684
"160","FRA","2005",0.989758536369906,"0","1",36.223,41120722,"2.05151009559631",3.87524735138074
"161","FRA","2004",0.989662778928402,"0","1",44,40808634,"2.09460997581482",1.67993859132812
"162","FRA","2003",0.98980776732234,"0","1",44.07,40511430,"2.11994004249573",2.29600283284986
"163","FRA","2002",0.99000068667669,"0","1",43.055,40220123,"2.17448997497559",3.43347287145825
"164","FRA","2001",0.990016432343281,"0","1",43.086,39940381,"2.13804006576538",3.63966078420369
"165","FRA","2000",0.989980752511805,"0","1",43.677,39677855,"2.09346008300781",3.03074697177105
"166","GBR","2014",0.988750827907496,"0","1",56.954,41827620,"2.26449990272522",1.92156774768545
"167","GBR","2013",0.988710313369873,"0","1",56.638,41710813,"1.62011003494263",1.95605174026818
"168","GBR","2012",0.988673668108641,"0","1",56.617,41663167,"1.57631003856659",1.72697599448212
"169","GBR","2011",0.988792235743994,"0","1",59.301,41607173,"1.6452100276947",1.01403975166563
"170","GBR","2010",0.98881074333115,"0","1",56.176,41444114,"1.63496994972229",2.6849735901
"171","GBR","2009",0.98853105417477,"0","1",57.607,41224543,"1.66659998893738",0.602903980683404
"172","GBR","2008",0.989042363084383,"0","1",57.807,40985517,"1.6078599691391",8.65204820165557
"173","GBR","2007",0.988929910990989,"0","1",67.614,40682733,"1.61708998680115",6.77930004470465
"174","GBR","2006",0.989029150411263,"0","1",67.672,40315048,"1.57539999485016",7.51858312899467
"175","GBR","2005",0.988796374427303,"0","1",67.398,39917314,"1.54904997348785",9.93454640049509
"176","GBR","2004",0.988998597591058,"0","1",67.364,39543896,"1.52997994422913",3.59523929838674
"177","GBR","2003",0.989077347711646,"0","1",67.833,39224731,"1.57962000370026",1.7528640877232
"178","GBR","2002",0.989355368539358,"0","1",67.841,38933315,"1.61372995376587",5.02654863681235
"179","GBR","2001",0.989486157190795,"0","1",68.317,38661576,"1.59658002853394",3.3998059098334
"180","GBR","2000",0.989429826534514,"0","1",69.003,38411614,"1.60906004905701",9.85451206947804
"181","GRC","2014",0.991773524043304,"0","1",33.432,7065107,"0.839980006217957",1.14557064148088
"182","GRC","2013",0.991589029643988,"0","1",33.944,7140124,"0.814779996871948",1.23280746804565
"183","GRC","2012",0.991704281946304,"0","1",34.866,7224390,"0.710049986839294",0.686731020108175
"184","GRC","2011",0.991515854473763,"0","1",36.256,7304091,"0.684260010719299",0.385938886644913
"185","GRC","2010",0.991365128597708,"0","1",38.081,7360393,"0.603470027446747",0.179361228004649
"186","GRC","2009",0.991256747771852,"0","1",38.828,7391000,"0.625569999217987",0.834961020727542
"187","GRC","2008",0.991465756696691,"0","1",38.256,7402118,"0.661830008029938",1.61093214151846
"188","GRC","2007",0.991177813984451,"0","1",38.381,7401422,"0.576550006866455",0.613705575128197
"189","GRC","2006",0.99126798119671,"0","1",38.707,7397524,"0.561179995536804",1.97823728049588
"190","GRC","2005",0.991031985418145,"0","1",39.763,7400093,"0.578960001468658",0.277754143805881
"191","GRC","2004",0.9912280943448,"0","1",39.765,7406506,"0.527300000190735",0.891391174178269
"192","GRC","2003",0.991590002423925,"0","1",41.683,7410994,"0.546540021896362",0.695797659170262
"193","GRC","2002",0.991787425904842,"0","1",42.203,7414777,"..",0.0221141414013334
"194","GRC","2001",0.991705107992023,"0","1",42.664,7407059,"0.559480011463165",0.00146818055136564
"195","GRC","2000",0.991977880023698,"0","1",43.414,7381435,"..",-0.0062820866311515
"196","HUN","2014",0.99007473553444,"1","1",24.34,6691117,"1.3445999622345",9.26026289604708
"197","HUN","2013",0.989887389483046,"1","1",27.714,6747076,"1.38409996032715",-2.64334200019703
"198","HUN","2012",0.989974965265811,"1","1",27.052,6794920,"1.25423002243042",8.39652900734838
"199","HUN","2011",0.989467426336102,"1","1",26.337,6849382,"1.17925000190735",7.56713765607226
"200","HUN","2010",0.989279859902459,"1","1",26.064,6874888,"1.12864995002747",-15.7141859416703
"201","HUN","2009",0.989027082373786,"1","1",25.1,6895853,"1.12802004814148",-2.13023268950647
"202","HUN","2008",0.989137590371648,"1","1",25.236,6915646,"0.977569997310638",47.4388008170059
"203","HUN","2007",0.988987512893941,"1","1",24.697,6932247,"0.954450011253357",50.3837301500016
"204","HUN","2006",0.98922969406302,"1","1",24.876,6941896,"0.977400004863739",16.1419177882521
"205","HUN","2005",0.989288705324144,"1","1",24.72,6945793,"0.919510006904602",24.2817851336626
"206","HUN","2004",0.988985554532233,"1","1",23.909,6950722,"0.859899997711182",4.35849386883798
"207","HUN","2003",0.989990405330565,"1","1",24.703,6954489,"0.91882997751236",4.87484007510829
"208","HUN","2002",0.989632970809659,"1","1",24.727,6963235,"0.983550012111664",5.38897593043896
"209","HUN","2001",0.989843385505762,"1","1",25.036,6966362,"0.913100004196167",7.55129373840367
"210","HUN","2000",0.990204475197604,"1","1",25.413,6961575,"0.790960013866425",5.81915570397215
"211","IRL","2014",0.992641921879053,"0","1",33.478,3058075,"1.52098000049591",37.5005979229747
"212","IRL","2013",0.992775296563812,"0","1",35.874,3047390,"1.56757998466492",29.7385395755597
"213","IRL","2012",0.99289389319493,"0","1",36.385,3051045,"1.55675005912781",25.8043465179726
"214","IRL","2011",0.992624784139297,"0","1",37.369,3063271,"1.55262005329132",9.90897233886717
"215","IRL","2010",0.993094677502038,"0","1",38.371,3080449,"1.5947699546814",17.0104319599033
"216","IRL","2009",0.993317153457594,"0","1",40.117,3095102,"1.61371004581451",22.827608853053
"217","IRL","2008",0.993383562005691,"0","1",43.619,3088703,"1.39126002788544",8.45449268903965
"218","IRL","2007",0.993071685562475,"0","1",45.163,3036843,"1.23407995700836",22.1915415030247
"219","IRL","2006",0.993313733567793,"0","1",42.538,2942068,"1.19886994361877",9.50555829114522
"220","IRL","2005",0.993405511316388,"0","1",47.071,2847567,"1.19196999073029",22.1832694953893
"221","IRL","2004",0.993201086833968,"0","1",45.62,2774986,"1.1777800321579",-5.4573737056403
"222","IRL","2003",0.993125936840831,"0","1",45.564,2718146,"1.12434995174408",13.8344483619935
"223","IRL","2002",0.99309733322831,"0","1",45.951,2666451,"1.05575001239777",22.8030331273105
"224","IRL","2001",0.992896380029636,"0","1",51.086,2609285,"1.05193996429443",8.82598474895757
"225","IRL","2000",0.992680693130236,"0","1",49.764,2553492,"1.08382999897003",25.7260262388969
"226","ITA","2014",0.989985002974026,"0","1",34.893,39180526,"1.33840000629425",0.787819994555961
"227","ITA","2013",0.989911330207699,"0","1",35.188,38985081,"1.30106997489929",0.911862937337876
"228","ITA","2012",0.990015955039688,"0","1",35.636,38703235,"1.26218998432159",0.00167234025572561
"229","ITA","2011",0.989913603687254,"0","1",34.876,38780536,"1.20155000686646",1.50176764625296
"230","ITA","2010",0.990022987034359,"0","1",35.085,38830477,"1.21797001361847",0.464889359066002
"231","ITA","2009",0.989699973643051,"0","1",35.762,38762126,"1.21786999702454",0.75489699092781
"232","ITA","2008",0.989885529644262,"0","1",36.969,38648892,"1.15971994400024",-0.394476495589979
"233","ITA","2007",0.989920940860737,"0","1",37.239,38435856,"1.12899005413055",2.98113330312029
"234","ITA","2006",0.98995782064208,"0","1",37.923,38318239,"1.08401000499725",2.92351747020356
"235","ITA","2005",0.989848448325478,"0","1",40.983,38356918,"1.04435002803802",1.97835183741895
"236","ITA","2004",0.989866126395163,"0","1",42.049,38343139,"1.05025005340576",1.11266342687585
"237","ITA","2003",0.989730172474722,"0","1",41.934,38224559,"1.05894005298615",1.24065779813371
"238","ITA","2002",0.989773579030814,"0","1",41.774,38184023,"1.08124005794525",1.35023292663196
"239","ITA","2001",0.98986919037583,"0","1",41.332,38273154,"1.04069995880127",1.27378322788259
"240","ITA","2000",0.989983499017567,"0","1",42.84,38388464,"1.00364005565643",1.14879631454321
"241","LTU","2014",0.991384378745306,"1","1",16.603,1949194,"1.03011000156403",0.736237941196901
"242","LTU","2013",0.991333745660716,"1","1",14.779,1973098,"0.94871997833252",1.65219575592806
"243","LTU","2012",0.991737242577785,"1","1",14.101,1998425,"0.893040001392365",1.57750505089112
"244","LTU","2011",0.991765404961035,"1","1",14.078,2029386,"0.9026899933815",4.32022249925765
"245","LTU","2010",0.991544854870499,"1","1",14.232,2079598,"0.78329998254776",2.96992979569042
"246","LTU","2009",0.991451797794643,"1","1",15.612,2126621,"0.830839991569519",-0.963401425538232
"247","LTU","2008",0.991721207560202,"1","1",15.009,2151210,"0.78931999206543",3.61376702103575
"248","LTU","2007",0.990910895933673,"1","1",18.104,2171963,"0.801739990711212",6.55321194511853
"249","LTU","2006",0.990769575256024,"1","1",17.888,2194902,"0.79203999042511",7.48546796463773
"250","LTU","2005",0.990668743002488,"1","1",21.92,2226434,"0.74821001291275",4.95274255731953
"251","LTU","2004",0.990384000097376,"1","1",24.237,2258778,"0.751399993896484",3.88704212188136
"252","LTU","2003",0.989796714979681,"1","1",28.53,2280393,"0.664129972457886",1.15750220940481
"253","LTU","2002",0.990035602066613,"1","1",24.697,2293621,"0.657549977302551",4.63394557429123
"254","LTU","2001",0.990345631848271,"1","1",25.875,2305770,"0.667620003223419",3.61515055285972
"255","LTU","2000",0.990423395503583,"1","1",27.149,2319668,"0.585529983043671",3.2996083516447
"256","LUX","2014",0.993997882573314,"0","1",36.111,384740,"1.21700000762939",29.1553936968481
"257","LUX","2013",0.99378838577145,"0","1",38.054,375473,"1.23380994796753",35.7329034705247
"258","LUX","2012",0.994403613998297,"0","1",38.333,366460,"1.20664000511169",4.72448385274156
"259","LUX","2011",0.994391266250254,"0","1",38.218,356297,"1.42453002929688",14.3333707100093
"260","LUX","2010",0.994234523032592,"0","1",36.579,346776,"1.4237300157547",69.6063943445404
"261","LUX","2009",0.994001870995781,"0","1",38.535,339456,"1.58838999271393",50.0394903072548
"262","LUX","2008",0.993876179996395,"0","1",37.716,332215,"1.54663002490997",12.0948257098387
"263","LUX","2007",0.994261168212646,"0","1",39.028,325327,"1.57165002822876",-57.5323140832332
"264","LUX","2006",0.994261770233439,"0","1",37.096,319544,"1.64885997772217",75.0860517189658
"265","LUX","2005",0.993709457289694,"0","1",44.023,313765,"1.55873000621796",12.3294089671016
"266","LUX","2004",0.993166326152474,"0","1",43.487,308560,"1.58818995952606",14.7716141818772
"267","LUX","2003",0.993338813552535,"0","1",44.495,303795,"1.62349998950958",14.464107875724
"268","LUX","2002",0.993351838108834,"0","1",45.113,299792,"..",17.9416670929726
"269","LUX","2001",0.993509348747141,"0","1",44.861,296798,"..",NA
"270","LUX","2000",0.993624752510447,"0","1",46.366,292777,"1.58314001560211",NA
"271","LVA","2014",0.989870073599748,"1","1",36.677,1306712,"0.689079999923706",3.32975610261153
"272","LVA","2013",0.989548206900776,"1","1",35.747,1329552,"0.613210022449493",3.27525565812789
"273","LVA","2012",0.98950422957167,"1","1",35.745,1353903,"0.663070023059845",3.83664423775721
"274","LVA","2011",0.989715468424536,"1","1",34.354,1378949,"0.71561998128891",5.53067572457445
"275","LVA","2010",0.989580489005317,"1","1",34.358,1409997,"0.605710029602051",1.98271981067991
"276","LVA","2009",0.989801564775229,"1","1",35.967,1443882,"0.448579996824265",-0.568030990235418
"277","LVA","2008",0.989847513033724,"1","1",36.865,1472303,"0.577199995517731",4.00028668556069
"278","LVA","2007",0.989936082532736,"1","1",37.051,1490919,"0.551069974899292",8.73762476647532
"279","LVA","2006",0.990618578835709,"1","1",36.155,1504617,"0.646910011768341",7.90756297931773
"280","LVA","2005",0.990217112695604,"1","1",32.776,1518903,"0.527069985866547",4.76289166404821
"281","LVA","2004",0.990598703403173,"1","1",33.431,1534937,"0.398400008678436",4.09810365195433
"282","LVA","2003",0.990600830791416,"1","1",34.039,1551058,"0.35929998755455",2.68988145299238
"283","LVA","2002",0.990481046389628,"1","1",34.367,1563590,"0.408430010080338",1.67510905867537
"284","LVA","2001",0.990244253696821,"1","1",36.625,1576847,"0.402630001306534",2.07477210805633
"285","LVA","2000",0.990301199048853,"1","1",29.961,1591657,"0.434830009937286",4.07326110975041
"286","MLT","2014",0.994448927714169,"0","1",46.39,295047,"0.691789984703064",1.34079436666301
"287","MLT","2013",0.994598395902533,"0","1",45.864,289921,"0.743359982967377",4.83419864443896
"288","MLT","2012",0.994517104223943,"0","1",44.901,286808,"0.804319977760315",35.1265947552887
"289","MLT","2011",0.994343470631565,"0","1",44.642,285503,"0.665059983730316",80.995238326279
"290","MLT","2010",0.994141417223312,"0","1",45.402,285771,"0.587409973144531",102.314938244048
"291","MLT","2009",0.994150113123449,"0","1",45.422,285905,"0.50739997625351",16.6146514720919
"292","MLT","2008",0.993582407166277,"0","1",43.413,285169,"0.526669979095459",163.22449053339
"293","MLT","2007",0.993587541485736,"0","1",42.449,283635,"0.545390009880066",449.082766618976
"294","MLT","2006",0.993677508632343,"0","1",42.593,281570,"0.578440010547638",369.34487569979
"295","MLT","2005",0.994013713667104,"0","1",44.044,279134,"0.528930008411407",339.787943207971
"296","MLT","2004",0.993743734859377,"0","1",44.994,275959,"0.488229990005493",122.481582396849
"297","MLT","2003",0.994116087463925,"0","1",47.221,272804,"0.235660001635551",16.7291680429947
"298","MLT","2002",0.99445295968599,"0","1",47.908,269829,"0.238309994339943",-11.1352752873953
"299","MLT","2001",0.994066694184179,"0","1",47.749,266797,"..",10.1969555631406
"300","MLT","2000",0.994233032279041,"0","1",47.558,264049,"..",18.2622554042989
"301","NLD","2014",0.990601106169358,"0","1",45.976,11077603,"2.17330002784729",13.1844337407481
"302","NLD","2013",0.990601868580886,"0","1",47.181,11078304,"2.15605998039246",37.4700822751351
"303","NLD","2012",0.990989157853148,"0","1",47.962,11101082,"1.9162700176239",28.5686333623369
"304","NLD","2011",0.990798559794789,"0","1",47.853,11136315,"1.8813099861145",36.6819614798476
"305","NLD","2010",0.990695894840719,"0","1",47.986,11139436,"1.70404005050659",13.6601236618728
"306","NLD","2009",0.990142268377429,"0","1",49.116,11109811,"1.66569995880127",10.9981924942897
"307","NLD","2008",0.990106374920361,"0","1",49.084,11079502,"1.62268996238708",20.5416821823399
"308","NLD","2007",0.989938639391831,"0","1",47.884,11051655,"1.67030000686646",86.4791486800502
"309","NLD","2006",0.990062036499777,"0","1",47.309,11031473,"1.74066996574402",51.1619751936732
"310","NLD","2005",0.989889585253665,"0","1",52.573,11016609,"1.77388000488281",30.6251378500502
"311","NLD","2004",0.989857330896097,"0","1",54.163,10999794,"1.7890100479126",21.2522662978359
"312","NLD","2003",0.989792043049659,"0","1",54.066,10973804,"1.78390002250671",3.52654499071412
"313","NLD","2002",0.98992853384776,"0","1",54.988,10931210,"1.74542999267578",5.37815702042935
"314","NLD","2001",0.98976674658601,"0","1",53.924,10869275,"1.79609000682831",12.0483086109171
"315","NLD","2000",0.989424481030057,"0","1",53.036,10800244,"1.78980004787445",15.1168517035618
"316","POL","2014",0.988473287463459,"1","1",19.363,26609308,"0.950760006904602",3.79442419931881
"317","POL","2013",0.988532783577672,"1","1",19.852,26811365,"0.884829998016357",0.199510644759976
"318","POL","2012",0.988635962742304,"1","1",20.576,26990755,"0.889970004558563",1.44982985839618
"319","POL","2011",0.988463872691681,"1","1",20.705,27117387,"0.752210021018982",3.49159065910336
"320","POL","2010",0.98826680822678,"1","1",20.705,27149441,"0.726189970970154",3.8978625150589
"321","POL","2009",0.988064553679284,"1","1",20.932,27207210,"0.661059975624084",3.18944564056777
"322","POL","2008",0.988616049345065,"1","1",21.308,27148245,"0.599439978599548",2.7312604988756
"323","POL","2007",0.988469992043216,"1","1",21.898,27072534,"0.561930000782013",5.83444965844441
"324","POL","2006",0.98857287391711,"1","1",22.672,26987088,"0.55102002620697",6.23080046622924
"325","POL","2005",0.988360559563206,"1","1",27.338,26892993,"0.562780022621155",3.60644986047873
"326","POL","2004",0.988534060318608,"1","1",27.479,26785845,"0.552500009536743",5.43614494792041
"327","POL","2003",0.989171087976211,"1","1",27.636,26665100,"0.538060009479523",2.46569940518349
"328","POL","2002",0.989072045683226,"1","1",29.401,26536166,"0.556749999523163",2.05505137845445
"329","POL","2001",0.98892203713947,"1","1",31.157,26397266,"0.6215900182724",2.9737227016127
"330","POL","2000",0.988846952735851,"1","1",30.923,26207082,"0.640779972076416",5.4203783018452
"331","PRT","2014",0.990481827776469,"0","1",53.635,6802696,"1.28991997241974",5.23954143073201
"332","PRT","2013",0.990415139311784,"0","1",55.839,6865257,"1.32467997074127",6.95356286592108
"333","PRT","2012",0.990578930628981,"0","1",57.966,6928360,"1.37861001491547",9.89545643445142
"334","PRT","2011",0.99029061387195,"0","1",59.505,6976649,"1.4574099779129",4.00667322712703
"335","PRT","2010",0.990318643042538,"0","1",61.042,7002934,"1.53529000282288",3.76582354484867
"336","PRT","2009",0.990274889911035,"0","1",61.915,7014042,"1.58001005649567",2.28302623497813
"337","PRT","2008",0.990064834403405,"0","1",63.71,7021239,"1.44334995746613",2.96833288382339
"338","PRT","2007",0.99028089375883,"0","1",64.653,7018446,"1.12416994571686",2.50093088549299
"339","PRT","2006",0.990217407248961,"0","1",64.86,7008671,"0.954479992389679",6.41633004152
"340","PRT","2005",0.990214858402366,"0","1",64.009,7003552,"0.757550001144409",1.70741232717781
"341","PRT","2004",0.990318877743062,"0","1",63.702,7005027,"0.729300022125244",1.312247289237
"342","PRT","2003",0.990472830596513,"0","1",64.309,7005659,"0.698019981384277",6.26697257909762
"343","PRT","2002",0.99065451571109,"0","1",64.262,6995060,"0.721830010414124",0.436137292252841
"344","PRT","2001",0.990788389375498,"0","1",63.935,6972091,"0.764819979667664",5.02761444190449
"345","PRT","2000",0.991005791221028,"0","1",62.876,6932040,"0.721560001373291",6.14861920837231
"346","ROU","2014",0.989531849862216,"0","1",36.644,13501096,"0.382079988718033",1.93737110683172
"347","ROU","2013",0.989372383533864,"0","1",34.715,13600024,"0.390240013599396",2.0311051461809
"348","ROU","2012",0.98968059998375,"0","1",34.839,13676127,"0.462399989366531",1.70128984181448
"349","ROU","2011",0.989484638782456,"0","1",34.561,13765024,"0.474590003490448",1.23049331528815
"350","ROU","2010",0.989546934185873,"0","1",36.574,13873031,"0.44666001200676",1.89010749124935
"351","ROU","2009",0.989184086331127,"0","1",36.895,14007713,"0.443949997425079",2.66377050602034
"352","ROU","2008",0.990057589109707,"0","1",36.629,14173966,"0.552150011062622",6.37738085729878
"353","ROU","2007",0.989864349451038,"0","1",36.405,14444850,"0.51147997379303",5.78679016158104
"354","ROU","2006",0.990155665058414,"0","1",35.506,14679049,"0.456820011138916",9.02006052535516
"355","ROU","2005",0.990319588854474,"0","1",39.862,14764328,"0.412620007991791",6.60067175776297
"356","ROU","2004",0.990377163825723,"0","1",41.512,14820688,"0.389420002698898",8.59368512961184
"357","ROU","2003",0.990108209473436,"0","1",44.835,14851144,"0.39708000421524",3.18995908035532
"358","ROU","2002",0.990169573801927,"0","1",44.703,14895575,"0.37720999121666",2.48342020141655
"359","ROU","2001",0.990584171223443,"0","1",53.58,15106103,"0.391290009021759",2.8642076020901
"360","ROU","2000",0.99035940657597,"0","1",55.49,15267823,"0.36625999212265",2.78361317174685
"361","SVK","2014",0.989738589702707,"1","1",20.314,3842427,"0.876999974250793",-0.357767206853192
"362","SVK","2013",0.989834285239669,"1","1",18.802,3859997,"0.820050001144409",1.01470597343894
"363","SVK","2012",0.989677478451339,"1","1",18.235,3873849,"0.794610023498535",1.8775059075327
"364","SVK","2011",0.990778117374987,"1","1",17.61,3880260,"0.652549982070923",5.43579525391974
"365","SVK","2010",0.990416932985572,"1","1",17.49,3882973,"0.605499982833862",2.3209380550694
"366","SVK","2009",0.990170360811744,"1","1",16.768,3884662,"0.472719997167587",1.70144888103606
"367","SVK","2008",0.989934391983624,"1","1",18.106,3878872,"0.46136999130249",4.60041224731761
"368","SVK","2007",0.989766026031858,"1","1",18.348,3866630,"0.447459995746613",5.84334734246993
"369","SVK","2006",0.989964322098825,"1","1",19.245,3852362,"0.474880009889603",8.05659335755308
"370","SVK","2005",0.99058829066,"1","1",19.677,3836010,"0.493319988250732",6.24675700175644
"371","SVK","2004",0.990809478423021,"1","1",19.735,3817318,"0.50068998336792",7.07465107851263
"372","SVK","2003",0.9909106499414,"1","1",19.456,3795684,"0.561460018157959",2.06564628576306
"373","SVK","2002",0.991159387456046,"1","1",19.094,3771752,"0.563139975070953",11.9339962576789
"374","SVK","2001",0.991393244461124,"1","1",20.082,3743642,"0.624650001525879",4.97935256715276
"375","SVK","2000",0.991489525440496,"1","1",20.473,3719079,"0.638059973716736",7.46555440418898
"376","SVN","2014",0.989977941707301,"1","1",34.847,1397951,"2.36547994613647",2.0388759570282
"377","SVN","2013",0.990037774973541,"1","1",32.633,1408072,"2.56487011909485",0.214853463745323
"378","SVN","2012",0.990246348042397,"1","1",32.862,1416740,"2.56061005592346",0.0720040328216091
"379","SVN","2011",0.990393951169606,"1","1",33.611,1423058,"2.41297006607056",1.69810125010742
"380","SVN","2010",0.990322920801102,"1","1",37.106,1424723,"2.05133008956909",0.662011164638898
"381","SVN","2009",0.990256111478961,"1","1",37.364,1420914,"1.81184005737305",-0.686151700651444
"382","SVN","2008",0.989906749565225,"1","1",37.413,1413072,"1.62672996520996",1.93752757193227
"383","SVN","2007",0.990425690463819,"1","1",38.481,1416346,"1.42702996730804",3.92054973919648
"384","SVN","2006",0.990610497515084,"1","1",37.275,1412124,"1.5370500087738",1.7527944132381
"385","SVN","2005",0.990671642099137,"1","1",36.978,1409291,"1.41778004169464",2.68129421328472
"386","SVN","2004",0.991005109676451,"1","1",36.827,1407180,"1.37026000022888",2.21736097143392
"387","SVN","2003",0.99085775077267,"1","1",34.762,1404742,"1.2479100227356",1.80733988688603
"388","SVN","2002",0.990971505873135,"1","1",37.841,1400960,"1.44324994087219",7.87487714245615
"389","SVN","2001",0.99143883678936,"1","1",38.416,1397247,"1.46766996383667",2.40080742579028
"390","SVN","2000",0.991249138353874,"1","1",36.946,1393808,"1.35982000827789",0.66930750249216
"391","SWE","2014",0.990352366972673,"0","1",47.228,6147147,"3.10184001922607",-1.4819241064024
"392","SWE","2013",0.990290113329996,"0","1",46.423,6125446,"3.26042008399963",0.224427166638678
"393","SWE","2012",0.990367478486584,"0","1",46.755,6115482,"3.23024988174438",0.773512654107363
"394","SWE","2011",0.990079160140828,"0","1",46.942,6112322,"3.18702006340027",1.2157159597585
"395","SWE","2010",0.990161130080262,"0","1",46.679,6105521,"3.1678900718689",0.126076302691436
"396","SWE","2009",0.990143237987377,"0","1",46.497,6085118,"3.39527988433838",2.05271748500075
"397","SWE","2008",0.990422122229178,"0","1",47.771,6052458,"3.46999001502991",8.0038751828389
"398","SWE","2007",0.990456458720306,"0","1",48.618,6009971,"3.23382997512817",9.39303090626209
"399","SWE","2006",0.990439141172847,"0","1",48.939,5955758,"3.47499990463257",5.21224259891122
"400","SWE","2005",0.990420872371407,"0","1",49.455,5902015,"3.35958003997803",5.29875780977657
"401","SWE","2004",0.990486877596642,"0","1",48.855,5858520,"3.36128997802734",4.37648926549524
"402","SWE","2003",0.990465836885039,"0","1",50.144,5818303,"3.57947993278503",1.79689343407486
"403","SWE","2002",0.990577369830435,"0","1",51.015,5778058,"..",6.8884054834351
"404","SWE","2001",0.990617127759008,"0","1",51.866,5740198,"3.87380003929138",7.51572681587293
"405","SWE","2000",0.990844380860716,"0","1",49.748,5705560,"..",8.68141509900555
